{
  "title": "Dashboard",
  "services": {
    "query": {
      "list": {
        "0": {
          "query": "*",
          "alias": "",
          "color": "#7EB26D",
          "id": 0,
          "pin": false,
          "type": "lucene",
          "enable": true
        },
        "1": {
          "id": 1,
          "color": "#EAB839",
          "alias": "Alerts",
          "pin": false,
          "type": "lucene",
          "enable": true,
          "query": "event_type:\"alert\""
        },
        "2": {
          "id": 2,
          "color": "#6ED0E0",
          "alias": "TLS",
          "pin": false,
          "type": "lucene",
          "enable": true,
          "query": "event_type:\"tls\""
        },
        "3": {
          "id": 3,
          "color": "#EF843C",
          "alias": "Fileinfo",
          "pin": false,
          "type": "lucene",
          "enable": true,
          "query": "event_type:\"fileinfo\""
        },
        "5": {
          "id": 5,
          "color": "#1F78C1",
          "alias": "HTTP",
          "pin": false,
          "type": "lucene",
          "enable": true,
          "query": "event_type:\"http\""
        },
        "6": {
          "id": 6,
          "color": "#BA43A9",
          "alias": "DNS",
          "pin": false,
          "type": "lucene",
          "enable": true,
          "query": "event_type:\"dns\""
        },
        "7": {
          "id": 7,
          "color": "#705DA0",
          "alias": "SSH",
          "pin": false,
          "type": "lucene",
          "enable": true,
          "query": "event_type:\"ssh\""
        },
        "8": {
          "id": 8,
          "color": "#508642",
          "alias": "RDP",
          "pin": false,
          "type": "lucene",
          "enable": true,
          "query": "event_type:\"rdp\""
        },
        "9": {
          "id": 9,
          "color": "#CCA300",
          "alias": "SIP",
          "pin": false,
          "type": "lucene",
          "enable": true,
          "query": "dest_port:5060 OR dest_port:5061"
        },
        "10": {
          "id": 10,
          "color": "#447EBC",
          "alias": "FTP",
          "pin": false,
          "type": "lucene",
          "enable": true,
          "query": "dest_port:20 OR dest_port:21"
        },
        "11": {
          "id": 11,
          "color": "#C15C17",
          "alias": "SQL",
          "pin": false,
          "type": "lucene",
          "enable": true,
          "query": "dest_port:1433 OR dest_port:3306"
        },
        "12": {
          "id": 12,
          "color": "#890F02",
          "alias": "SMB/NBT",
          "pin": false,
          "type": "lucene",
          "enable": true,
          "query": "dest_port:445 OR dest_port:42 OR dest_port:135"
        },
        "13": {
          "id": 13,
          "color": "#0A437C",
          "alias": "TFTP",
          "pin": false,
          "type": "lucene",
          "enable": true,
          "query": "dest_port:69"
        }
      },
      "ids": [
        0,
        1,
        2,
        3,
        5,
        6,
        7,
        8,
        9,
        10,
        11,
        12,
        13
      ]
    },
    "filter": {
      "list": {
        "0": {
          "type": "time",
          "field": "@timestamp",
          "from": "now-24h",
          "to": "now",
          "mandate": "must",
          "active": true,
          "alias": "",
          "id": 0
        },
        "1": {
          "type": "terms",
          "field": "event_type.raw",
          "value": "dns",
          "mandate": "mustNot",
          "active": true,
          "alias": "",
          "id": 1
        },
        "2": {
          "type": "querystring",
          "query": "dest_ip:\"85.214.137.63\"",
          "mandate": "mustNot",
          "active": true,
          "alias": "",
          "id": 2
        }
      },
      "ids": [
        0,
        1,
        2
      ]
    }
  },
  "rows": [
    {
      "title": "Charts",
      "height": "350px",
      "editable": true,
      "collapse": true,
      "collapsable": true,
      "panels": [
        {
          "span": 10,
          "editable": true,
          "group": [
            "default"
          ],
          "type": "histogram",
          "mode": "count",
          "time_field": "@timestamp",
          "value_field": null,
          "auto_int": true,
          "resolution": 100,
          "interval": "10m",
          "fill": 3,
          "linewidth": 1,
          "timezone": "browser",
          "spyable": true,
          "zoomlinks": true,
          "bars": true,
          "stack": true,
          "points": false,
          "lines": false,
          "legend": true,
          "x-axis": true,
          "y-axis": true,
          "percentage": false,
          "interactive": true,
          "queries": {
            "mode": "all",
            "ids": [
              0,
              1,
              2,
              3,
              5,
              6,
              7,
              8,
              9,
              10,
              11,
              12,
              13
            ]
          },
          "title": "",
          "intervals": [
            "auto",
            "1s",
            "1m",
            "5m",
            "10m",
            "30m",
            "1h",
            "3h",
            "12h",
            "1d",
            "1w",
            "1M",
            "1y"
          ],
          "options": true,
          "tooltip": {
            "value_type": "cumulative",
            "query_as_alias": true
          },
          "scale": 1,
          "y_format": "none",
          "grid": {
            "max": null,
            "min": 0
          },
          "annotate": {
            "enable": false,
            "query": "*",
            "size": 20,
            "field": "_type",
            "sort": [
              "_score",
              "desc"
            ]
          },
          "pointradius": 5,
          "show_query": true,
          "legend_counts": true,
          "zerofill": true,
          "derivative": false,
          "scaleSeconds": false
        },
        {
          "span": 2,
          "editable": true,
          "type": "trends",
          "loadingEditor": false,
          "ago": "15m",
          "arrangement": "vertical",
          "spyable": true,
          "queries": {
            "mode": "all",
            "ids": [
              0,
              1,
              2,
              3,
              5,
              6,
              7,
              8,
              9,
              10,
              11,
              12,
              13
            ]
          },
          "style": {
            "font-size": "14pt"
          },
          "title": "Trends",
          "reverse": false
        },
        {
          "error": false,
          "span": 2,
          "editable": true,
          "type": "terms",
          "loadingEditor": false,
          "field": "dest_port",
          "exclude": [],
          "missing": false,
          "other": true,
          "size": 10,
          "order": "count",
          "style": {
            "font-size": "10pt"
          },
          "donut": true,
          "tilt": false,
          "labels": true,
          "arrangement": "horizontal",
          "chart": "pie",
          "counter_pos": "below",
          "spyable": true,
          "queries": {
            "mode": "all",
            "ids": [
              0,
              1,
              2,
              3,
              5,
              6,
              7,
              8,
              9,
              10,
              11,
              12,
              13
            ]
          },
          "tmode": "terms",
          "tstat": "total",
          "valuefield": "",
          "title": "Destination Ports"
        },
        {
          "error": false,
          "span": 2,
          "editable": true,
          "type": "terms",
          "loadingEditor": false,
          "field": "ssh.client.software_version",
          "exclude": [],
          "missing": false,
          "other": false,
          "size": 10,
          "order": "count",
          "style": {
            "font-size": "10pt"
          },
          "donut": true,
          "tilt": false,
          "labels": true,
          "arrangement": "horizontal",
          "chart": "pie",
          "counter_pos": "below",
          "spyable": true,
          "queries": {
            "mode": "all",
            "ids": [
              0,
              1,
              2,
              3,
              5,
              6,
              7,
              8,
              9,
              10,
              11,
              12,
              13
            ]
          },
          "tmode": "terms",
          "tstat": "total",
          "valuefield": "",
          "title": "SSH USER AGENT"
        },
        {
          "error": false,
          "span": 2,
          "editable": true,
          "type": "terms",
          "loadingEditor": false,
          "field": "tls.version",
          "exclude": [],
          "missing": false,
          "other": false,
          "size": 10,
          "order": "count",
          "style": {
            "font-size": "10pt"
          },
          "donut": true,
          "tilt": false,
          "labels": true,
          "arrangement": "horizontal",
          "chart": "pie",
          "counter_pos": "below",
          "spyable": true,
          "queries": {
            "mode": "all",
            "ids": [
              0,
              1,
              2,
              3,
              5,
              6,
              7,
              8,
              9,
              10,
              11,
              12,
              13
            ]
          },
          "tmode": "terms",
          "tstat": "total",
          "valuefield": "",
          "title": "TLS Version"
        },
        {
          "error": false,
          "span": 2,
          "editable": true,
          "type": "terms",
          "loadingEditor": false,
          "field": "http.http_method",
          "exclude": [],
          "missing": false,
          "other": false,
          "size": 10,
          "order": "count",
          "style": {
            "font-size": "10pt"
          },
          "donut": true,
          "tilt": false,
          "labels": true,
          "arrangement": "horizontal",
          "chart": "pie",
          "counter_pos": "below",
          "spyable": true,
          "queries": {
            "mode": "all",
            "ids": [
              0,
              1,
              2,
              3,
              5,
              6,
              7,
              8,
              9,
              10,
              11,
              12,
              13
            ]
          },
          "tmode": "terms",
          "tstat": "total",
          "valuefield": "ssh.client.software_version",
          "title": "HTTP METHODS"
        },
        {
          "error": false,
          "span": 2,
          "editable": true,
          "type": "terms",
          "loadingEditor": false,
          "field": "http.status.raw",
          "exclude": [
            "200",
            " \"200\""
          ],
          "missing": false,
          "other": false,
          "size": 10,
          "order": "count",
          "style": {
            "font-size": "10pt"
          },
          "donut": false,
          "tilt": false,
          "labels": true,
          "arrangement": "horizontal",
          "chart": "bar",
          "counter_pos": "below",
          "spyable": true,
          "queries": {
            "mode": "all",
            "ids": [
              0,
              1,
              2,
              3,
              5,
              6,
              7,
              8,
              9,
              10,
              11,
              12,
              13
            ]
          },
          "tmode": "terms",
          "tstat": "total",
          "valuefield": "",
          "title": "HTTP STATUS CODES"
        },
        {
          "error": false,
          "span": 2,
          "editable": true,
          "type": "terms",
          "loadingEditor": false,
          "field": "http.http_content_type",
          "exclude": [],
          "missing": false,
          "other": true,
          "size": 10,
          "order": "count",
          "style": {
            "font-size": "10pt"
          },
          "donut": false,
          "tilt": false,
          "labels": true,
          "arrangement": "vertical",
          "chart": "bar",
          "counter_pos": "below",
          "spyable": true,
          "queries": {
            "mode": "all",
            "ids": [
              0,
              1,
              2,
              3,
              5,
              6,
              7,
              8,
              9,
              10,
              11,
              12,
              13
            ]
          },
          "tmode": "terms",
          "tstat": "total",
          "valuefield": "",
          "title": "HTTP Content Type"
        },
        {
          "error": false,
          "span": 4,
          "editable": true,
          "type": "terms",
          "loadingEditor": false,
          "field": "alert.category.raw",
          "exclude": [
            ""
          ],
          "missing": false,
          "other": true,
          "size": 10,
          "order": "count",
          "style": {
            "font-size": "10pt"
          },
          "donut": false,
          "tilt": false,
          "labels": true,
          "arrangement": "horizontal",
          "chart": "table",
          "counter_pos": "above",
          "spyable": true,
          "queries": {
            "mode": "all",
            "ids": [
              0,
              1,
              2,
              3,
              5,
              6,
              7,
              8,
              9,
              10,
              11,
              12,
              13
            ]
          },
          "tmode": "terms",
          "tstat": "total",
          "valuefield": "",
          "title": "Alert Categories"
        },
        {
          "error": false,
          "span": 8,
          "editable": true,
          "type": "terms",
          "loadingEditor": false,
          "field": "alert.signature",
          "exclude": [],
          "missing": false,
          "other": true,
          "size": 10,
          "order": "count",
          "style": {
            "font-size": "10pt"
          },
          "donut": false,
          "tilt": false,
          "labels": true,
          "arrangement": "horizontal",
          "chart": "table",
          "counter_pos": "above",
          "spyable": true,
          "queries": {
            "mode": "all",
            "ids": [
              0,
              1,
              2,
              3,
              5,
              6,
              7,
              8,
              9,
              10,
              11,
              12,
              13
            ]
          },
          "tmode": "terms",
          "tstat": "total",
          "valuefield": "",
          "title": "Alert Signatures"
        },
        {
          "error": false,
          "span": 3,
          "editable": true,
          "type": "terms",
          "loadingEditor": false,
          "field": "src_ip",
          "exclude": [],
          "missing": false,
          "other": true,
          "size": 10,
          "order": "count",
          "style": {
            "font-size": "10pt"
          },
          "donut": false,
          "tilt": false,
          "labels": true,
          "arrangement": "horizontal",
          "chart": "table",
          "counter_pos": "above",
          "spyable": true,
          "queries": {
            "mode": "all",
            "ids": [
              0,
              1,
              2,
              3,
              5,
              6,
              7,
              8,
              9,
              10,
              11,
              12,
              13
            ]
          },
          "tmode": "terms",
          "tstat": "total",
          "valuefield": "",
          "title": "SRC IP"
        },
        {
          "error": false,
          "span": 3,
          "editable": true,
          "type": "terms",
          "loadingEditor": false,
          "field": "dest_ip",
          "exclude": [],
          "missing": false,
          "other": false,
          "size": 10,
          "order": "count",
          "style": {
            "font-size": "10pt"
          },
          "donut": false,
          "tilt": false,
          "labels": true,
          "arrangement": "horizontal",
          "chart": "table",
          "counter_pos": "above",
          "spyable": true,
          "queries": {
            "mode": "all",
            "ids": [
              0,
              1,
              2,
              3,
              5,
              6,
              7,
              8,
              9,
              10,
              11,
              12,
              13
            ]
          },
          "tmode": "terms",
          "tstat": "total",
          "valuefield": "",
          "title": "DST IP"
        },
        {
          "error": false,
          "span": 6,
          "editable": true,
          "type": "terms",
          "loadingEditor": false,
          "field": "http.http_user_agent",
          "exclude": [],
          "missing": false,
          "other": true,
          "size": 10,
          "order": "count",
          "style": {
            "font-size": "10pt"
          },
          "donut": false,
          "tilt": false,
          "labels": true,
          "arrangement": "horizontal",
          "chart": "table",
          "counter_pos": "above",
          "spyable": true,
          "queries": {
            "mode": "all",
            "ids": [
              0,
              1,
              2,
              3,
              5,
              6,
              7,
              8,
              9,
              10,
              11,
              12,
              13
            ]
          },
          "tmode": "terms",
          "tstat": "total",
          "valuefield": "",
          "title": "User Agents"
        },
        {
          "error": false,
          "span": 6,
          "editable": true,
          "type": "terms",
          "loadingEditor": false,
          "field": "http.hostname",
          "exclude": [],
          "missing": false,
          "other": true,
          "size": 10,
          "order": "count",
          "style": {
            "font-size": "10pt"
          },
          "donut": false,
          "tilt": false,
          "labels": true,
          "arrangement": "horizontal",
          "chart": "table",
          "counter_pos": "above",
          "spyable": true,
          "queries": {
            "mode": "all",
            "ids": [
              0,
              1,
              2,
              3,
              5,
              6,
              7,
              8,
              9,
              10,
              11,
              12,
              13
            ]
          },
          "tmode": "terms",
          "tstat": "total",
          "valuefield": "",
          "title": "HTTP HOSTNAME"
        },
        {
          "error": false,
          "span": 6,
          "editable": true,
          "type": "terms",
          "loadingEditor": false,
          "field": "http.url",
          "exclude": [],
          "missing": false,
          "other": true,
          "size": 10,
          "order": "count",
          "style": {
            "font-size": "10pt"
          },
          "donut": false,
          "tilt": false,
          "labels": true,
          "arrangement": "horizontal",
          "chart": "table",
          "counter_pos": "above",
          "spyable": true,
          "queries": {
            "mode": "all",
            "ids": [
              0,
              1,
              2,
              3,
              5,
              6,
              7,
              8,
              9,
              10,
              11,
              12,
              13
            ]
          },
          "tmode": "terms",
          "tstat": "total",
          "valuefield": "",
          "title": "URL"
        },
        {
          "error": false,
          "span": 4,
          "editable": true,
          "type": "terms",
          "loadingEditor": false,
          "field": "fileinfo.magic",
          "exclude": [],
          "missing": false,
          "other": true,
          "size": 10,
          "order": "count",
          "style": {
            "font-size": "10pt"
          },
          "donut": false,
          "tilt": false,
          "labels": true,
          "arrangement": "horizontal",
          "chart": "pie",
          "counter_pos": "above",
          "spyable": true,
          "queries": {
            "mode": "all",
            "ids": [
              0,
              1,
              2,
              3,
              5,
              6,
              7,
              8,
              9,
              10,
              11,
              12,
              13
            ]
          },
          "tmode": "terms",
          "tstat": "total",
          "valuefield": "",
          "title": "Fileinfo Magic"
        },
        {
          "span": 4,
          "editable": true,
          "type": "sparklines",
          "loadingEditor": false,
          "mode": "count",
          "time_field": "@timestamp",
          "value_field": null,
          "interval": "3h",
          "spyable": true,
          "queries": {
            "mode": "all",
            "ids": [
              0,
              1,
              2,
              3,
              5,
              6,
              7,
              8,
              9,
              10,
              11,
              12,
              13
            ]
          }
        }
      ],
      "notice": false
    },
    {
      "title": "All Events",
      "height": "350px",
      "editable": true,
      "collapse": true,
      "collapsable": true,
      "panels": [
        {
          "title": "All events",
          "error": false,
          "span": 12,
          "editable": true,
          "group": [
            "default"
          ],
          "type": "table",
          "size": 100,
          "pages": 5,
          "offset": 0,
          "sort": [
            "@timestamp",
            "desc"
          ],
          "style": {
            "font-size": "9pt"
          },
          "overflow": "min-height",
          "fields": [],
          "localTime": true,
          "timeField": "@timestamp",
          "highlight": [],
          "sortable": true,
          "header": true,
          "paging": true,
          "spyable": true,
          "queries": {
            "mode": "all",
            "ids": [
              0,
              1,
              2,
              3,
              5,
              6,
              7,
              8,
              9,
              10,
              11,
              12,
              13
            ]
          },
          "field_list": true,
          "status": "Stable",
          "trimFactor": 300,
          "normTimes": true,
          "all_fields": true
        }
      ],
      "notice": false
    },
    {
      "title": "Geo Maps",
      "height": "350px",
      "editable": true,
      "collapse": true,
      "collapsable": true,
      "panels": [
        {
          "error": false,
          "span": 12,
          "editable": true,
          "type": "bettermap",
          "loadingEditor": false,
          "field": "geoip.coordinates",
          "size": 1000,
          "spyable": true,
          "tooltip": "_id",
          "queries": {
            "mode": "all",
            "ids": [
              0,
              1,
              2,
              3,
              5,
              6,
              7,
              8,
              9,
              10,
              11,
              12,
              13
            ]
          },
          "title": ""
        },
        {
          "error": false,
          "span": 12,
          "editable": true,
          "type": "map",
          "loadingEditor": false,
          "map": "world",
          "colors": [
            "#A0E2E2",
            "#265656"
          ],
          "size": 100,
          "exclude": [],
          "spyable": true,
          "queries": {
            "mode": "all",
            "ids": [
              0,
              1,
              2,
              3,
              5,
              6,
              7,
              8,
              9,
              10,
              11,
              12,
              13
            ]
          },
          "title": "",
          "field": "geoip.country_code2"
        }
      ],
      "notice": false
    }
  ],
  "editable": true,
  "failover": false,
  "index": {
    "interval": "day",
    "pattern": "[logstash-]YYYY.MM.DD",
    "default": "NO_TIME_FILTER_OR_INDEX_PATTERN_NOT_MATCHED",
    "warm_fields": true
  },
  "style": "dark",
  "panel_hints": true,
  "pulldowns": [
    {
      "type": "query",
      "collapse": true,
      "notice": false,
      "query": "*",
      "pinned": true,
      "history": [
        "dest_port:69",
        "dest_port:445 OR dest_port:42 OR dest_port:135",
        "dest_port:1433 OR dest_port:3306",
        "dest_port:20 OR dest_port:21",
        "dest_port:5060 OR dest_port:5061",
        "event_type:\"rdp\"",
        "event_type:\"ssh\"",
        "event_type:\"dns\"",
        "event_type:\"http\"",
        "event_type:\"fileinfo\""
      ],
      "remember": 10,
      "enable": true
    },
    {
      "type": "filtering",
      "collapse": true,
      "notice": false,
      "enable": true
    }
  ],
  "nav": [
    {
      "type": "timepicker",
      "collapse": false,
      "notice": false,
      "status": "Stable",
      "time_options": [
        "5m",
        "15m",
        "1h",
        "6h",
        "12h",
        "24h",
        "2d",
        "7d",
        "30d"
      ],
      "refresh_intervals": [
        "5s",
        "10s",
        "30s",
        "1m",
        "5m",
        "15m",
        "30m",
        "1h",
        "2h",
        "1d"
      ],
      "timefield": "@timestamp",
      "now": true,
      "filter_id": 0,
      "enable": true
    }
  ],
  "loader": {
    "save_gist": false,
    "save_elasticsearch": true,
    "save_local": true,
    "save_default": true,
    "save_temp": true,
    "save_temp_ttl_enable": true,
    "save_temp_ttl": "30d",
    "load_gist": true,
    "load_elasticsearch": true,
    "load_elasticsearch_size": 20,
    "load_local": true,
    "hide": false
  },
  "refresh": "1m"
}
